{
  "weight": 100,
  "density": 0.4,
  "max_height": 45,
  "min_height": 10,
  "dimension_filter": [
    "is_nether"
  ],
  "vein_populator": {
    "type": "surface_rock",
    "material": "iron"
  },
  "generator": {
    "type": "ellipsoid",
    "radius": [
      9,
      12
    ]
  },
  "filler": {
    "type": "simple",
    "value": {
      "type": "weight_random",
      "values": [
        {
          "weight": 30,
          "value": "ore:brown_limonite"
        },
        {
          "weight": 30,
          "value": "ore:yellow_limonite"
        },
        {
          "weight": 30,
          "value": "ore:banded_iron"
        },
        {
          "weight": 10,
          "value": "ore:malachite"
        }
      ]
    }
  }
}
