{
  "weight": 60,
  "density": 0.4,
  "max_height": 45,
  "min_height": 10,
  "dimension_filter": [
    "is_nether"
  ],
  "vein_populator": {
    "type": "surface_rock",
    "material": "nickel"
  },
  "generator": {
    "type": "ellipsoid",
    "radius": [
      11,
      15
    ]
  },
  "filler": {
    "type": "simple",
    "value": {
      "type": "weight_random",
      "values": [
        {
          "weight": 30,
          "value": "ore:garnierite"
        },
        {
          "weight": 30,
          "value": "ore:nickel"
        },
        {
          "weight": 30,
          "value": "ore:cobaltite"
        },
        {
          "weight": 10,
          "value": "ore:pentlandite"
        }
      ]
    }
  }
}
