{
  "weight": 100,
  "density": 0.6,
  "max_height": 50,
  "dimension_filter": [
    "is_nether"
  ],
  "vein_populator": {
    "type": "surface_rock",
    "material": "quartzite"
  },
  "generator": {
    "type": "ellipsoid",
    "radius": [
      13,
      17
    ]
  },
  "filler": {
    "type": "simple",
    "value": {
      "type": "weight_random",
      "values": [
        {
          "weight": 45,
          "value": "ore:quartzite"
        },
        {
          "weight": 25,
          "value": "ore:barite"
        },
        {
          "weight": 30,
          "value": "ore:certus_quartz"
        },
        {
          "weight": 30,
          "value": "ore:nether_quartz"
        }
      ]
    }
  }
}
