{
  "weight": 120,
  "density": 0.5,
  "max_height": 70,
  "min_height": 10,
  "dimension_filter": [
    "is_nether"
  ],
  "vein_populator": {
    "type": "surface_rock",
    "material": "sulfur"
  },
  "generator": {
    "type": "ellipsoid",
    "radius": [
      16,
      17
    ]
  },
  "filler": {
    "type": "simple",
    "value": {
      "type": "weight_random",
      "values": [
        {
          "weight": 60,
          "value": "ore:sulfur"
        },
        {
          "weight": 20,
          "value": "ore:pyrite"
        },
        {
          "weight": 30,
          "value": "ore:sphalerite"
        },
        {
          "weight": 10,
          "value": "ore:tennantite"
        }
      ]
    }
  }
}
