{
  "weight": 40,
  "density": 0.3,
  "max_height": 90,
  "min_height": 40,
  "dimension_filter": [
    "is_nether"
  ],
  "vein_populator": {
    "type": "surface_rock",
    "material": "topaz"
  },
  "generator": {
    "type": "ellipsoid",
    "radius": [
      10,
      12
    ]
  },
  "filler": {
    "type": "simple",
    "value": {
      "type": "weight_random",
      "values": [
        {
          "weight": 60,
          "value": "ore:topaz"
        },
        {
          "weight": 40,
          "value": "ore:blue_topaz"
        }
      ]
    }
  }
}
