{
  "weight": 70,
  "density": 0.4,
  "min_height": 45,
  "vein_populator": {
    "type": "surface_rock",
    "material": "apatite"
  },
  "generator": {
    "type": "ellipsoid",
    "radius": [
      13,
      16
    ]
  },
  "filler": {
    "type": "simple",
    "value": {
      "type": "weight_random",
      "values": [
        {
          "weight": 60,
          "value": "ore:apatite"
        },
        {
          "weight": 40,
          "value": "ore:tricalcium_phosphate"
        },
        {
          "weight": 15,
          "value": "ore:phosphate"
        }
      ]
    }
  }
}
