{
  "weight": 80,
  "density": 0.5,
  "max_height": 80,
  "min_height": 50,
  "vein_populator": {
    "type": "surface_rock",
    "material": "basaltic_mineral_sand"
  },
  "generator": {
    "type": "ellipsoid",
    "radius": [
      12,
      16
    ]
  },
  "filler": {
    "type": "simple",
    "value": {
      "type": "weight_random",
      "values": [
        {
          "weight": 30,
          "value": "ore:basaltic_mineral_sand"
        },
        {
          "weight": 30,
          "value": "ore:granitic_mineral_sand"
        },
        {
          "weight": 20,
          "value": "ore:fullers_earth"
        },
        {
          "weight": 20,
          "value": "ore:gypsum"
        }
      ]
    }
  }
}
