{
  "weight": 80,
  "density": 0.6,
  "max_height": 65,
  "min_height": 45,
  "vein_populator": {
    "type": "surface_rock",
    "material": "cassiterite_sand"
  },
  "generator": {
    "type": "ellipsoid",
    "radius": [
      11,
      15
    ]
  },
  "filler": {
    "type": "simple",
    "value": {
      "type": "weight_random",
      "values": [
        {
          "weight": 30,
          "value": "ore:cassiterite_sand"
        },
        {
          "weight": 30,
          "value": "ore:garnet_sand"
        },
        {
          "weight": 30,
          "value": "ore:asbestos"
        },
        {
          "weight": 15,
          "value": "ore:trona"
        }
      ]
    }
  }
}
