{
  "weight": 80,
  "density": 0.5,
  "max_height": 50,
  "min_height": 15,
  "vein_populator": {
    "type": "surface_rock",
    "material": "chalcopyrite"
  },
  "generator": {
    "type": "ellipsoid",
    "radius": [
      17,
      19
    ]
  },
  "filler": {
    "type": "simple",
    "value": {
      "type": "weight_random",
      "values": [
        {
          "weight": 30,
          "value": "ore:chalcopyrite"
        },
        {
          "weight": 30,
          "value": "ore:iron"
        },
        {
          "weight": 30,
          "value": "ore:pyrite"
        },
        {
          "weight": 10,
          "value": "ore:copper"
        }
      ]
    }
  }
}
