{
  "weight": 45,
  "density": 0.5,
  "max_height": 40,
  "min_height": 12,
  "vein_populator": {
    "type": "surface_rock",
    "material": "pitchblende"
  },
  "generator": {
    "type": "ellipsoid",
    "radius": [
      13,
      13
    ]
  },
  "filler": {
    "type": "simple",
    "value": {
      "type": "weight_random",
      "values": [
        {
          "weight": 50,
          "value": "ore:pitchblende"
        },
        {
          "weight": 40,
          "value": "ore:uraninite"
        },
        {
          "weight": 10,
          "value": "ore:uranium"
        }
      ]
    }
  }
}
