{
  "weight": 60,
  "density": 0.3,
  "max_height": 40,
  "min_height": 15,
  "vein_populator": {
    "type": "surface_rock",
    "material": "almandine"
  },
  "generator": {
    "type": "ellipsoid",
    "radius": [
      16,
      17
    ]
  },
  "filler": {
    "type": "simple",
    "value": {
      "type": "weight_random",
      "values": [
        {
          "weight": 30,
          "value": "ore:almandine"
        },
        {
          "weight": 30,
          "value": "ore:pyrope"
        },
        {
          "weight": 30,
          "value": "ore:sapphire"
        },
        {
          "weight": 10,
          "value": "ore:green_sapphire"
        }
      ]
    }
  }
}
