{
  "weight": 25,
  "density": 0.3,
  "max_height": 40,
  "min_height": 15,
  "dimension_filter": [
    "name:the_end"
  ],
  "vein_populator": {
    "type": "surface_rock",
    "material": "pyrolusite"
  },
  "generator": {
    "type": "ellipsoid",
    "radius": [
      10,
      12
    ]
  },
  "filler": {
    "type": "simple",
    "value": {
      "type": "weight_random",
      "values": [
        {
          "weight": 30,
          "value": "ore:grossular"
        },
        {
          "weight": 30,
          "value": "ore:spessartine"
        },
        {
          "weight": 30,
          "value": "ore:pyrolusite"
        },
        {
          "weight": 10,
          "value": "ore:tantalite"
        }
      ]
    }
  }
}
