{
  "weight": 20,
  "density": 0.7,
  "max_height": 40,
  "min_height": 20,
  "dimension_filter": [
    "name:the_end"
  ],
  "vein_populator": {
    "type": "surface_rock",
    "material": "molybdenite"
  },
  "generator": {
    "type": "ellipsoid",
    "radius": [
      10,
      15
    ]
  },
  "filler": {
    "type": "simple",
    "value": {
      "type": "weight_random",
      "values": [
        {
          "weight": 40,
          "value": "ore:wulfenite"
        },
        {
          "weight": 40,
          "value": "ore:molybdenite"
        },
        {
          "weight": 20,
          "value": "ore:powellite"
        }
      ]
    }
  }
}
