{
  "weight": 40,
  "density": 0.4,
  "max_height": 40,
  "min_height": 10,
  "dimension_filter": [
    "name:the_end"
  ],
  "vein_populator": {
    "type": "surface_rock",
    "material": "redstone"
  },
  "generator": {
    "type": "ellipsoid",
    "radius": [
      12,
      15
    ]
  },
  "filler": {
    "type": "simple",
    "value": {
      "type": "weight_random",
      "values": [
        {
          "weight": 60,
          "value": "ore:redstone"
        },
        {
          "weight": 20,
          "value": "ore:ruby"
        },
        {
          "weight": 20,
          "value": "ore:cinnabar"
        },
        {
          "weight": 15,
          "value": "ore:chromite"
        }
      ]
    }
  }
}
