{
  "weight": 20,
  "density": 0.4,
  "max_height": 35,
  "min_height": 10,
  "dimension_filter": [
    "name:the_end"
  ],
  "vein_populator": {
    "type": "surface_rock",
    "material": "rutile"
  },
  "generator": {
    "type": "ellipsoid",
    "radius": [
      9,
      13
    ]
  },
  "filler": {
    "type": "simple",
    "value": {
      "type": "weight_random",
      "values": [
        {
          "weight": 50,
          "value": "ore:rutile"
        },
        {
          "weight": 30,
          "value": "ore:ilmenite"
        },
        {
          "weight": 20,
          "value": "ore:bauxite"
        }
      ]
    }
  }
}
