{
  "weight": 30,
  "density": 0.7,
  "max_height": 50,
  "min_height": 20,
  "dimension_filter": [
    "name:the_end"
  ],
  "vein_populator": {
    "type": "surface_rock",
    "material": "tungstate"
  },
  "generator": {
    "type": "ellipsoid",
    "radius": [
      10,
      15
    ]
  },
  "filler": {
    "type": "simple",
    "value": {
      "type": "weight_random",
      "values": [
        {
          "weight": 60,
          "value": "ore:scheelite"
        },
        {
          "weight": 20,
          "value": "ore:tungstate"
        },
        {
          "weight": 20,
          "value": "ore:lithium"
        }
      ]
    }
  }
}
