{
  "machine": "steam_boiler_coal_bronze",
  "section": "Machines/Steam",
  "title": "Small Steam Coal Boiler",
  "stream": [
    {
      "type": "textbox",
      "isCenter": false,
      "content": [
        "Wrench this, wrench that"
      ]
    },
    {
      "type": "textbox",
      "isCenter": true,
      "fontSize": 5,
      "content": [
        "§nMinecraft Formatting",
        "§r§00 §11 §22 §33",
        "§44 §55 §66 §77",
        "§88 §99 §aa §bb",
        "§cc §dd §ee §ff",
        "§r§0k §kMinecraft",
        "§rl §lMinecraft",
        "§rm §mMinecraft",
        "§rn §nMinecraft",
        "§ro §oMinecraft",
        "§rr §rMinecraft"
      ]
    }
  ],
  "fixed": []
}
