{
  "minecraft:wool:12": [
    {
      "item": "minecraft:string:0",
      "amount": 3,
      "miningLevel": 0,
      "chance": 1.0,
      "fortuneChance": 0.0
    },
    {
      "item": "minecraft:string:0",
      "amount": 1,
      "miningLevel": 0,
      "chance": 0.5,
      "fortuneChance": 0.25
    },
    {
      "item": "minecraft:dye:3",
      "amount": 1,
      "miningLevel": 0,
      "chance": 0.125,
      "fortuneChance": 2.0
    }
  ],
  "ore:sand": [
    {
      "item": "exnihilocreatio:block_dust:0",
      "amount": 1,
      "miningLevel": 0,
      "chance": 1.0,
      "fortuneChance": 0.0
    }
  ],
  "ore:endstone": [
    {
      "item": "exnihilocreatio:block_endstone_crushed:0",
      "amount": 1,
      "miningLevel": 0,
      "chance": 1.0,
      "fortuneChance": 0.0
    }
  ],
  "ore:cobblestone": [
    {
      "item": "minecraft:gravel:0",
      "amount": 1,
      "miningLevel": 0,
      "chance": 1.0,
      "fortuneChance": 0.0
    }
  ],
  "ore:netherrack": [
    {
      "item": "exnihilocreatio:block_netherrack_crushed:0",
      "amount": 1,
      "miningLevel": 0,
      "chance": 1.0,
      "fortuneChance": 0.0
    }
  ],
  "minecraft:concrete:5": [
    {
      "item": "minecraft:concrete_powder:5",
      "amount": 1,
      "miningLevel": 1,
      "chance": 1.0,
      "fortuneChance": 0.0
    }
  ],
  "minecraft:concrete:1": [
    {
      "item": "minecraft:concrete_powder:1",
      "amount": 1,
      "miningLevel": 1,
      "chance": 1.0,
      "fortuneChance": 0.0
    }
  ],
  "minecraft:wool:11": [
    {
      "item": "minecraft:string:0",
      "amount": 3,
      "miningLevel": 0,
      "chance": 1.0,
      "fortuneChance": 0.0
    },
    {
      "item": "minecraft:string:0",
      "amount": 1,
      "miningLevel": 0,
      "chance": 0.5,
      "fortuneChance": 0.25
    },
    {
      "item": "minecraft:dye:4",
      "amount": 1,
      "miningLevel": 0,
      "chance": 0.125,
      "fortuneChance": 2.0
    }
  ],
  "ore:stoneGranite": [
    {
      "item": "exnihilocreatio:block_granite_crushed:0",
      "amount": 1,
      "miningLevel": 0,
      "chance": 1.0,
      "fortuneChance": 0.0
    }
  ],
  "minecraft:concrete:2": [
    {
      "item": "minecraft:concrete_powder:2",
      "amount": 1,
      "miningLevel": 1,
      "chance": 1.0,
      "fortuneChance": 0.0
    }
  ],
  "minecraft:concrete:11": [
    {
      "item": "minecraft:concrete_powder:11",
      "amount": 1,
      "miningLevel": 1,
      "chance": 1.0,
      "fortuneChance": 0.0
    }
  ],
  "minecraft:wool:4": [
    {
      "item": "minecraft:string:0",
      "amount": 3,
      "miningLevel": 0,
      "chance": 1.0,
      "fortuneChance": 0.0
    },
    {
      "item": "minecraft:string:0",
      "amount": 1,
      "miningLevel": 0,
      "chance": 0.5,
      "fortuneChance": 0.25
    },
    {
      "item": "minecraft:dye:11",
      "amount": 1,
      "miningLevel": 0,
      "chance": 0.125,
      "fortuneChance": 2.0
    }
  ],
  "minecraft:wool:2": [
    {
      "item": "minecraft:string:0",
      "amount": 3,
      "miningLevel": 0,
      "chance": 1.0,
      "fortuneChance": 0.0
    },
    {
      "item": "minecraft:string:0",
      "amount": 1,
      "miningLevel": 0,
      "chance": 0.5,
      "fortuneChance": 0.25
    },
    {
      "item": "minecraft:dye:13",
      "amount": 1,
      "miningLevel": 0,
      "chance": 0.125,
      "fortuneChance": 2.0
    }
  ],
  "minecraft:concrete:13": [
    {
      "item": "minecraft:concrete_powder:13",
      "amount": 1,
      "miningLevel": 1,
      "chance": 1.0,
      "fortuneChance": 0.0
    }
  ],
  "minecraft:concrete:10": [
    {
      "item": "minecraft:concrete_powder:10",
      "amount": 1,
      "miningLevel": 1,
      "chance": 1.0,
      "fortuneChance": 0.0
    }
  ],
  "minecraft:wool:15": [
    {
      "item": "minecraft:string:0",
      "amount": 3,
      "miningLevel": 0,
      "chance": 1.0,
      "fortuneChance": 0.0
    },
    {
      "item": "minecraft:string:0",
      "amount": 1,
      "miningLevel": 0,
      "chance": 0.5,
      "fortuneChance": 0.25
    },
    {
      "item": "minecraft:dye:0",
      "amount": 1,
      "miningLevel": 0,
      "chance": 0.125,
      "fortuneChance": 2.0
    }
  ],
  "minecraft:wool:13": [
    {
      "item": "minecraft:string:0",
      "amount": 3,
      "miningLevel": 0,
      "chance": 1.0,
      "fortuneChance": 0.0
    },
    {
      "item": "minecraft:string:0",
      "amount": 1,
      "miningLevel": 0,
      "chance": 0.5,
      "fortuneChance": 0.25
    },
    {
      "item": "minecraft:dye:2",
      "amount": 1,
      "miningLevel": 0,
      "chance": 0.125,
      "fortuneChance": 2.0
    }
  ],
  "ore:logWood": [
    {
      "item": "excompressum:wood_chippings:0",
      "amount": 1,
      "miningLevel": 0,
      "chance": 1.0,
      "fortuneChance": 1.0
    },
    {
      "item": "excompressum:wood_chippings:0",
      "amount": 1,
      "miningLevel": 0,
      "chance": 0.75,
      "fortuneChance": 1.0
    },
    {
      "item": "excompressum:wood_chippings:0",
      "amount": 1,
      "miningLevel": 0,
      "chance": 0.5,
      "fortuneChance": 1.0
    },
    {
      "item": "excompressum:wood_chippings:0",
      "amount": 1,
      "miningLevel": 0,
      "chance": 0.25,
      "fortuneChance": 1.0
    }
  ],
  "ore:gravel": [
    {
      "item": "minecraft:sand:0",
      "amount": 1,
      "miningLevel": 0,
      "chance": 1.0,
      "fortuneChance": 0.0
    }
  ],
  "minecraft:wool:3": [
    {
      "item": "minecraft:string:0",
      "amount": 3,
      "miningLevel": 0,
      "chance": 1.0,
      "fortuneChance": 0.0
    },
    {
      "item": "minecraft:string:0",
      "amount": 1,
      "miningLevel": 0,
      "chance": 0.5,
      "fortuneChance": 0.25
    },
    {
      "item": "minecraft:dye:12",
      "amount": 1,
      "miningLevel": 0,
      "chance": 0.125,
      "fortuneChance": 2.0
    }
  ],
  "minecraft:concrete:6": [
    {
      "item": "minecraft:concrete_powder:6",
      "amount": 1,
      "miningLevel": 1,
      "chance": 1.0,
      "fortuneChance": 0.0
    }
  ],
  "minecraft:wool:9": [
    {
      "item": "minecraft:string:0",
      "amount": 3,
      "miningLevel": 0,
      "chance": 1.0,
      "fortuneChance": 0.0
    },
    {
      "item": "minecraft:string:0",
      "amount": 1,
      "miningLevel": 0,
      "chance": 0.5,
      "fortuneChance": 0.25
    },
    {
      "item": "minecraft:dye:6",
      "amount": 1,
      "miningLevel": 0,
      "chance": 0.125,
      "fortuneChance": 2.0
    }
  ],
  "minecraft:wool:0": [
    {
      "item": "minecraft:string:0",
      "amount": 3,
      "miningLevel": 0,
      "chance": 1.0,
      "fortuneChance": 0.0
    },
    {
      "item": "minecraft:string:0",
      "amount": 1,
      "miningLevel": 0,
      "chance": 0.5,
      "fortuneChance": 0.25
    },
    {
      "item": "minecraft:dye:15",
      "amount": 1,
      "miningLevel": 0,
      "chance": 0.125,
      "fortuneChance": 2.0
    }
  ],
  "minecraft:wool:8": [
    {
      "item": "minecraft:string:0",
      "amount": 3,
      "miningLevel": 0,
      "chance": 1.0,
      "fortuneChance": 0.0
    },
    {
      "item": "minecraft:string:0",
      "amount": 1,
      "miningLevel": 0,
      "chance": 0.5,
      "fortuneChance": 0.25
    },
    {
      "item": "minecraft:dye:7",
      "amount": 1,
      "miningLevel": 0,
      "chance": 0.125,
      "fortuneChance": 2.0
    }
  ],
  "minecraft:concrete:7": [
    {
      "item": "minecraft:concrete_powder:7",
      "amount": 1,
      "miningLevel": 1,
      "chance": 1.0,
      "fortuneChance": 0.0
    }
  ],
  "minecraft:concrete:14": [
    {
      "item": "minecraft:concrete_powder:14",
      "amount": 1,
      "miningLevel": 1,
      "chance": 1.0,
      "fortuneChance": 0.0
    }
  ],
  "minecraft:wool:7": [
    {
      "item": "minecraft:string:0",
      "amount": 3,
      "miningLevel": 0,
      "chance": 1.0,
      "fortuneChance": 0.0
    },
    {
      "item": "minecraft:string:0",
      "amount": 1,
      "miningLevel": 0,
      "chance": 0.5,
      "fortuneChance": 0.25
    },
    {
      "item": "minecraft:dye:8",
      "amount": 1,
      "miningLevel": 0,
      "chance": 0.125,
      "fortuneChance": 2.0
    }
  ],
  "minecraft:concrete:12": [
    {
      "item": "minecraft:concrete_powder:12",
      "amount": 1,
      "miningLevel": 1,
      "chance": 1.0,
      "fortuneChance": 0.0
    }
  ],
  "minecraft:concrete:15": [
    {
      "item": "minecraft:concrete_powder:15",
      "amount": 1,
      "miningLevel": 1,
      "chance": 1.0,
      "fortuneChance": 0.0
    }
  ],
  "appliedenergistics2:sky_stone_block:0": [
    {
      "item": "exnihilocreatio:block_skystone_crushed:0",
      "amount": 1,
      "miningLevel": 3,
      "chance": 1.0,
      "fortuneChance": 0.0
    }
  ],
  "minecraft:wool:14": [
    {
      "item": "minecraft:string:0",
      "amount": 3,
      "miningLevel": 0,
      "chance": 1.0,
      "fortuneChance": 0.0
    },
    {
      "item": "minecraft:string:0",
      "amount": 1,
      "miningLevel": 0,
      "chance": 0.5,
      "fortuneChance": 0.25
    },
    {
      "item": "minecraft:dye:1",
      "amount": 1,
      "miningLevel": 0,
      "chance": 0.125,
      "fortuneChance": 2.0
    }
  ],
  "minecraft:concrete:8": [
    {
      "item": "minecraft:concrete_powder:8",
      "amount": 1,
      "miningLevel": 1,
      "chance": 1.0,
      "fortuneChance": 0.0
    }
  ],
  "ore:stoneAndesite": [
    {
      "item": "exnihilocreatio:block_andesite_crushed:0",
      "amount": 1,
      "miningLevel": 0,
      "chance": 1.0,
      "fortuneChance": 0.0
    }
  ],
  "minecraft:concrete:3": [
    {
      "item": "minecraft:concrete_powder:3",
      "amount": 1,
      "miningLevel": 1,
      "chance": 1.0,
      "fortuneChance": 0.0
    }
  ],
  "minecraft:concrete:9": [
    {
      "item": "minecraft:concrete_powder:9",
      "amount": 1,
      "miningLevel": 1,
      "chance": 1.0,
      "fortuneChance": 0.0
    }
  ],
  "minecraft:concrete:0": [
    {
      "item": "minecraft:concrete_powder:0",
      "amount": 1,
      "miningLevel": 1,
      "chance": 1.0,
      "fortuneChance": 0.0
    }
  ],
  "minecraft:wool:10": [
    {
      "item": "minecraft:string:0",
      "amount": 3,
      "miningLevel": 0,
      "chance": 1.0,
      "fortuneChance": 0.0
    },
    {
      "item": "minecraft:string:0",
      "amount": 1,
      "miningLevel": 0,
      "chance": 0.5,
      "fortuneChance": 0.25
    },
    {
      "item": "minecraft:dye:5",
      "amount": 1,
      "miningLevel": 0,
      "chance": 0.125,
      "fortuneChance": 2.0
    }
  ],
  "minecraft:wool:6": [
    {
      "item": "minecraft:string:0",
      "amount": 3,
      "miningLevel": 0,
      "chance": 1.0,
      "fortuneChance": 0.0
    },
    {
      "item": "minecraft:string:0",
      "amount": 1,
      "miningLevel": 0,
      "chance": 0.5,
      "fortuneChance": 0.25
    },
    {
      "item": "minecraft:dye:9",
      "amount": 1,
      "miningLevel": 0,
      "chance": 0.125,
      "fortuneChance": 2.0
    }
  ],
  "minecraft:concrete:4": [
    {
      "item": "minecraft:concrete_powder:4",
      "amount": 1,
      "miningLevel": 1,
      "chance": 1.0,
      "fortuneChance": 0.0
    }
  ],
  "minecraft:wool:5": [
    {
      "item": "minecraft:string:0",
      "amount": 3,
      "miningLevel": 0,
      "chance": 1.0,
      "fortuneChance": 0.0
    },
    {
      "item": "minecraft:string:0",
      "amount": 1,
      "miningLevel": 0,
      "chance": 0.5,
      "fortuneChance": 0.25
    },
    {
      "item": "minecraft:dye:10",
      "amount": 1,
      "miningLevel": 0,
      "chance": 0.125,
      "fortuneChance": 2.0
    }
  ],
  "ore:crushedGranite": [
    {
      "item": "minecraft:sand:1",
      "amount": 1,
      "miningLevel": 0,
      "chance": 1.0,
      "fortuneChance": 0.0
    }
  ],
  "ore:stoneDiorite": [
    {
      "item": "exnihilocreatio:block_diorite_crushed:0",
      "amount": 1,
      "miningLevel": 0,
      "chance": 1.0,
      "fortuneChance": 0.0
    }
  ],
  "minecraft:wool:1": [
    {
      "item": "minecraft:string:0",
      "amount": 3,
      "miningLevel": 0,
      "chance": 1.0,
      "fortuneChance": 0.0
    },
    {
      "item": "minecraft:string:0",
      "amount": 1,
      "miningLevel": 0,
      "chance": 0.5,
      "fortuneChance": 0.25
    },
    {
      "item": "minecraft:dye:14",
      "amount": 1,
      "miningLevel": 0,
      "chance": 0.125,
      "fortuneChance": 2.0
    }
  ]
}